id,code,name,price,image,source,verified,page,timestamp,status
K73159TB7AF,K-73159T-B7-AF,Kohler K-73159T-B7-AF,60500,/images/K-73159T-B7-AF.png,Kohler PDF,True,96,2026-04-21,active
K73061T7AF,K-73061T-7-AF,Kohler K-73061T-7-AF,60500,/images/K-73061T-7-AF.png,Kohler PDF,True,96,2026-04-21,active
K73061T7BV,K-73061T-7-BV,Kohler K-73061T-7-BV,60500,/images/K-73061T-7-BV.png,Kohler PDF,True,111,2026-04-21,active
K73159TB7BV,K-73159T-B7-BV,Kohler K-73159T-B7-BV,60500,/images/K-73159T-B7-BV.png,Kohler PDF,True,111,2026-04-21,active
K24431IN9FPBRD,K-24431IN-9FP-BRD,Kohler K-24431IN-9FP-BRD,17500,/images/K-24431IN-9FP-BRD.png,Kohler PDF,True,146,2026-04-21,active
K73061T7RGD,K-73061T-7-RGD,Kohler K-73061T-7-RGD,60500,/images/K-73061T-7-RGD.png,Kohler PDF,True,120,2026-04-21,active
K24431IN9FPRGD,K-24431IN-9FP-RGD,"Trim only, for use with valve K-20740IN-A-NA",16300,/images/K-24431IN-9FP-RGD.png,Kohler PDF,True,127,2026-04-21,active
K73050TB7BL,K-73050T-B7-BL,Kohler K-73050T-B7-BL,55000,/images/K-73050T-B7-BL.png,Kohler PDF,True,131,2026-04-21,active
K73159IN7BRD,K-73159IN-7-BRD,Kohler K-73159IN-7-BRD,60500,/images/K-73159IN-7-BRD.png,Kohler PDF,True,141,2026-04-21,active
K24431IN9FPAF,K-24431IN-9FP-AF,"Trim only, for use with valve (K-20740IN-A-NA)",14700,/images/K-24431IN-9FP-AF.png,Kohler PDF,True,106,2026-04-21,active
K24431IN9FPBV,K-24431IN-9FP-BV,"Trim only, for use with valve K-20740IN-A-NA",17500,/images/K-24431IN-9FP-BV.png,Kohler PDF,True,116,2026-04-21,active
K24431IN9FPCP,K-24431IN-9FP-CP,"Trim only, for use with valve K-20740IN-A-NA",11700,/images/K-24431IN-9FP-CP.png,Kohler PDF,True,62,2026-04-21,active
K16346INCP,K-16346IN-CP,Kohler K-16346IN-CP,4300,/images/K-16346IN-CP.png,Kohler PDF,True,64,2026-04-21,active
K16347INCP,K-16347IN-CP,Kohler K-16347IN-CP,4300,/images/K-16347IN-CP.png,Kohler PDF,True,64,2026-04-21,active
K24431IN9FPBL,K-24431IN-9FP-BL,"Trim only, for use with valve K-20740IN-A-NA",16300,/images/K-24431IN-9FP-BL.png,Kohler PDF,True,138,2026-04-21,active
K705109INSHP,K-705109IN-SHP,N/A,106100,/images/K-705109IN-SHP.png,Kohler PDF,True,85,2026-04-21,active
K38896IN4FSBRD,K-38896IN-4FS-BRD,N/A,13300,/images/K-38896IN-4FS-BRD.png,Kohler PDF,True,143,2026-04-21,active
K38892INBRD,K-38892IN-BRD,N/A,5420,/images/K-38892IN-BRD.png,Kohler PDF,True,144,2026-04-21,active
K705087INSHP,K-705087IN-SHP,N/A,5000,/images/K-705087IN-SHP.png,Kohler PDF,True,85,2026-04-21,active
K704613INCP,K-704613IN-CP,N/A,8900,/images/K-704613IN-CP.png,Kohler PDF,True,85,2026-04-21,active
K28362IN20,K-28362IN-2-0,Electronic Seats,165000,/images/K-28362IN-2-0.png,Kohler PDF,True,6,2026-04-21,active
K73050IN7BRD,K-73050IN-7-BRD,N/A,55000,/images/K-73050IN-7-BRD.png,Kohler PDF,True,142,2026-04-21,active
K38891INBRD,K-38891IN-BRD,N/A,7000,/images/K-38891IN-BRD.png,Kohler PDF,True,144,2026-04-21,active
K30520IN0,K-30520IN-0,/K-75823IN-CP/K-1286731,12400,/images/K-30520IN-0.png,Kohler PDF,True,40,2026-04-21,active
K23973INAACP,K-23973IN-AA-CP,N/A,5000,/images/K-23973IN-AA-CP.png,Kohler PDF,True,50,2026-04-21,active
K23974INAACP,K-23974IN-AA-CP,N/A,6000,/images/K-23974IN-AA-CP.png,Kohler PDF,True,50,2026-04-21,active
K702245INRH0AF,K-702245IN-RH0-AF,Height-2200mm-2600mm,275000,/images/K-702245IN-RH0-AF.png,Kohler PDF,True,72,2026-04-21,active
K73050TB7AF,K-73050T-B7-AF,N/A,55000,/images/K-73050T-B7-AF.png,Kohler PDF,True,97,2026-04-21,active
K73050TB7BV,K-73050T-B7-BV,N/A,55000,/images/K-73050T-B7-BV.png,Kohler PDF,True,112,2026-04-21,active
EX28094IN8BV,EX28094IN-8-BV,Components,47080,/images/EX28094IN-8-BV.png,Kohler PDF,True,111,2026-04-21,active
EX28093IN8BV,EX28093IN-8-BV,Kohler EX28093IN-8-BV,37664,/images/EX28093IN-8-BV.png,Kohler PDF,True,111,2026-04-21,active
EX28094IN8RGD,EX28094IN-8-RGD,Components,47080,/images/EX28094IN-8-RGD.png,Kohler PDF,True,120,2026-04-21,active
EX28093IN8RGD,EX28093IN-8-RGD,Kohler EX28093IN-8-RGD,37664,/images/EX28093IN-8-RGD.png,Kohler PDF,True,120,2026-04-21,active
EX28094IN8BL,EX28094IN-8-BL,Components,47080,/images/EX28094IN-8-BL.png,Kohler PDF,True,131,2026-04-21,active
EX28093IN8BL,EX28093IN-8-BL,Kohler EX28093IN-8-BL,37664,/images/EX28093IN-8-BL.png,Kohler PDF,True,131,2026-04-21,active
EX28094IN8AF,EX28094IN-8-AF,Components,47080,/images/EX28094IN-8-AF.png,Kohler PDF,True,96,2026-04-21,active
EX28093IN8AF,EX28093IN-8-AF,Kohler EX28093IN-8-AF,37664,/images/EX28093IN-8-AF.png,Kohler PDF,True,96,2026-04-21,active
K38886IN4NDBL,K-38886IN-4ND-BL,N/A,15400,/images/K-38886IN-4ND-BL.png,Kohler PDF,True,134,2026-04-21,active
K38887IN4NDBL,K-38887IN-4ND-BL,N/A,19250,/images/K-38887IN-4ND-BL.png,Kohler PDF,True,134,2026-04-21,active
K38888IN4NDBL,K-38888IN-4ND-BL,N/A,19250,/images/K-38888IN-4ND-BL.png,Kohler PDF,True,134,2026-04-21,active
K38890IN4FPBL,K-38890IN-4FP-BL,N/A,16630,/images/K-38890IN-4FP-BL.png,Kohler PDF,True,134,2026-04-21,active
K38891INBL,K-38891IN-BL,N/A,7000,/images/K-38891IN-BL.png,Kohler PDF,True,134,2026-04-21,active
K38892INBL,K-38892IN-BL,N/A,5420,/images/K-38892IN-BL.png,Kohler PDF,True,135,2026-04-21,active
K38893IN4NDBL,K-38893IN-4ND-BL,N/A,16800,/images/K-38893IN-4ND-BL.png,Kohler PDF,True,134,2026-04-21,active
K38894IN4NDBL,K-38894IN-4ND-BL,N/A,21000,/images/K-38894IN-4ND-BL.png,Kohler PDF,True,134,2026-04-21,active
K38895IN4NDBL,K-38895IN-4ND-BL,N/A,21000,/images/K-38895IN-4ND-BL.png,Kohler PDF,True,134,2026-04-21,active
K38897IN4FPBL,K-38897IN-4FP-BL,N/A,18140,/images/K-38897IN-4FP-BL.png,Kohler PDF,True,134,2026-04-21,active
K38886IN4NDAF,K-38886IN-4ND-AF,N/A,13750,/images/K-38886IN-4ND-AF.png,Kohler PDF,True,99,2026-04-21,active
K38887IN4NDAF,K-38887IN-4ND-AF,N/A,17190,/images/K-38887IN-4ND-AF.png,Kohler PDF,True,99,2026-04-21,active
K38888IN4NDAF,K-38888IN-4ND-AF,N/A,17190,/images/K-38888IN-4ND-AF.png,Kohler PDF,True,99,2026-04-21,active
K38889IN4FSAF,K-38889IN-4FS-AF,N/A,9500,/images/K-38889IN-4FS-AF.png,Kohler PDF,True,99,2026-04-21,active
K38890IN4FPAF,K-38890IN-4FP-AF,N/A,14850,/images/K-38890IN-4FP-AF.png,Kohler PDF,True,99,2026-04-21,active
K38891INAF,K-38891IN-AF,N/A,6250,/images/K-38891IN-AF.png,Kohler PDF,True,100,2026-04-21,active
K38892INAF,K-38892IN-AF,N/A,4840,/images/K-38892IN-AF.png,Kohler PDF,True,100,2026-04-21,active
K38896IN4FSAF,K-38896IN-4FS-AF,N/A,16200,/images/K-38896IN-4FS-AF.png,Kohler PDF,True,99,2026-04-21,active
K38897IN4FPAF,K-38897IN-4FP-AF,N/A,16200,/images/K-38897IN-4FP-AF.png,Kohler PDF,True,99,2026-04-21,active
K38463IN4NDAF,K-38463IN-4ND-AF,Engage,12500,/images/K-38463IN-4ND-AF.png,Kohler PDF,True,99,2026-04-21,active
K38886IN4NDRGD,K-38886IN-4ND-RGD,N/A,15400,/images/K-38886IN-4ND-RGD.png,Kohler PDF,True,124,2026-04-21,active
K38887IN4NDRGD,K-38887IN-4ND-RGD,N/A,19250,/images/K-38887IN-4ND-RGD.png,Kohler PDF,True,124,2026-04-21,active
K38888IN4NDRGD,K-38888IN-4ND-RGD,N/A,19250,/images/K-38888IN-4ND-RGD.png,Kohler PDF,True,124,2026-04-21,active
K38889IN4FSRGD,K-38889IN-4FS-RGD,N/A,11200,/images/K-38889IN-4FS-RGD.png,Kohler PDF,True,124,2026-04-21,active
K38892INRGD,K-38892IN-RGD,N/A,5420,/images/K-38892IN-RGD.png,Kohler PDF,True,124,2026-04-21,active
K38896IN4FSRGD,K-38896IN-4FS-RGD,N/A,12100,/images/K-38896IN-4FS-RGD.png,Kohler PDF,True,124,2026-04-21,active
K38891INBV,K-38891IN-BV,N/A,7000,/images/K-38891IN-BV.png,Kohler PDF,True,114,2026-04-21,active
K38897IN4FPB,K-38897IN-4FP-B,N/A,18140,/images/K-38897IN-4FP-B.png,Kohler PDF,True,134,2026-04-21,active
K9302INCLBL,K-9302IN-CL-BL,N/A,87000,/images/K-9302IN-CL-BL.png,Kohler PDF,True,136,2026-04-21,active
705110INSHP,705110IN-SHP,N/A,54000,/images/705110IN-SHP.png,Kohler PDF,True,85,2026-04-21,active
